id;name;file_size;content_type;created_at
1;Refined;55224;Polynesia;2022-03-11
2;pixel system Burgs;34344;TCP;2022-03-10
3;Soft enable;75357;Computer Executive scalable;2022-03-11
4;online holistic mobile;99931;Operations Plastic;2022-03-10
5;Practical Shirt;48122;Checking Assurance;2022-03-10
6;Borders Kina Automated;35902;Checking;2022-03-10
7;Cambridgeshire target blue;12449;compressing sky;2022-03-10
8;seize;9590;Frozen Cotton seize;2022-03-10
9;Architect Cotton Landing;13968;Plastic best-of-breed viral;2022-03-10
10;Forint;9714;knowledge;2022-03-10
