id;name;image_size;content_type;created_at
1;hack transition Islands;98845;Tuna;2022-03-11
2;International RSS next-generation;70069;copy AGP;2022-03-11
3;transitional deposit;57954;holistic driver;2022-03-11
4;enhance PNG Denar;87144;extensible haptic Avon;2022-03-10
5;Global copying;62129;Ethiopia;2022-03-10
6;iterate Intelligent Pants;27741;Unbranded;2022-03-11
7;Florida District;36180;matrix hacking state;2022-03-11
8;CSS Program Internal;19690;Mouse Plaza;2022-03-11
9;Ruble withdrawal;51017;parse panel Uruguay;2022-03-10
10;parse Generic;61995;whiteboard;2022-03-10
